scenario,year,q,p,region,value
KLENFMF,2015,2.41534,17250.8,USA,41666.547271999996
