scenario,year,q,p,region,value
KLENFMF,2050,2.54195,17226.7,USA,43789.410065000004
